21/02/2017,[R] [DeepMind] - Evolution Channels Gradient Descent in Super Neural Networks,https://deepmind.com/research/publications/pathnet-evolution-channels-gradient-descent-super-neural-networks/,https://redd.it/5v4on7
21/02/2017,[R] [DeepMind] - Evolution Channels Gradient Descent in Super Neural Networks,https://deepmind.com/research/publications/pathnet-evolution-channels-gradient-descent-super-neural-networks/,https://redd.it/5v4on7
21/02/2017,[R] Model learns to beat Level 9 AIs in Super Smash Bros. [1702.05663] The Game Imitation: Deep Supervised Convolutional Networks for Quick Video Game AI,https://arxiv.org/abs/1702.05663,https://redd.it/5v8y1a
21/02/2017,"[P] Pretrained SkipThoughts models (word2vec, seq2seq, seq2vec) for Torch",https://github.com/Cadene/skip-thoughts.torch,https://redd.it/5v44i3
21/02/2017,[R] EMNIST: an extension of MNIST to handwritten letters,https://arxiv.org/abs/1702.05373,https://redd.it/5v5if4
21/02/2017,[R] Code for paper: High-Resolution Image Inpainting using Multi-Scale Neural Patch Synthesis,https://github.com/leehomyc/High-Res-Neural-Inpainting,https://redd.it/5v95hk
21/02/2017,[R] Maximally Correlated Principle Component Analysis,https://arxiv.org/abs/1702.05471v1,https://redd.it/5v64t1
21/02/2017,[R] Local minima in training of neural networks (DeepMind),https://arxiv.org/abs/1611.06310v2,https://redd.it/5v86l3
21/02/2017,[P] Interactive Image Translation with pix2pix-tensorflow,http://affinelayer.com/pixsrv/index.html,https://redd.it/5v6tjc
21/02/2017,[D] Looking for open source implementation of A3C that matches DeepMind.,https://www.reddit.com/r/MachineLearning/comments/5v5jys/d_looking_for_open_source_implementation_of_a3c/,https://redd.it/5v5jys
21/02/2017,[D] Transfer Learning in Seq2Seq models,https://www.reddit.com/r/MachineLearning/comments/5v8uf5/d_transfer_learning_in_seq2seq_models/,https://redd.it/5v8uf5
